-- ============================================================================
-- Club Prat — Gestor de Entrenamiento
-- Semilla de datos inicial: club + categorías + fundamentos + 4 equipos
-- Correr DESPUÉS de schema.sql en el SQL Editor de Supabase
-- ============================================================================

insert into clubs (id, nombre, comuna, region) values
  ('00000000-0000-4000-8000-000000000001', 'Club de Vóleibol Prat', 'Puerto Cisnes', 'Aysén');

insert into categorias (id, club_id, nombre, orden) values
  ('00000000-0000-4000-8000-000000000021', '00000000-0000-4000-8000-000000000001', 'Mini', 1),
  ('00000000-0000-4000-8000-000000000022', '00000000-0000-4000-8000-000000000001', 'Sub15', 2),
  ('00000000-0000-4000-8000-000000000023', '00000000-0000-4000-8000-000000000001', 'Sub18', 3);

insert into fundamentos_evaluacion (categoria_id, nombre, orden) values
  ('00000000-0000-4000-8000-000000000021', 'Coordinación motriz', 1),
  ('00000000-0000-4000-8000-000000000021', 'Manejo de balón', 2),
  ('00000000-0000-4000-8000-000000000021', 'Desplazamiento/Ubicación', 3),
  ('00000000-0000-4000-8000-000000000021', 'Trabajo en equipo', 4),
  ('00000000-0000-4000-8000-000000000021', 'Actitud', 5),

  ('00000000-0000-4000-8000-000000000022', 'Saque', 1),
  ('00000000-0000-4000-8000-000000000022', 'Recepción', 2),
  ('00000000-0000-4000-8000-000000000022', 'Defensa', 3),
  ('00000000-0000-4000-8000-000000000022', 'Colocación/Armado', 4),
  ('00000000-0000-4000-8000-000000000022', 'Ataque', 5),
  ('00000000-0000-4000-8000-000000000022', 'Bloqueo', 6),
  ('00000000-0000-4000-8000-000000000022', 'Trabajo en equipo', 7),
  ('00000000-0000-4000-8000-000000000022', 'Actitud', 8),

  ('00000000-0000-4000-8000-000000000023', 'Saque', 1),
  ('00000000-0000-4000-8000-000000000023', 'Recepción', 2),
  ('00000000-0000-4000-8000-000000000023', 'Defensa', 3),
  ('00000000-0000-4000-8000-000000000023', 'Colocación/Armado', 4),
  ('00000000-0000-4000-8000-000000000023', 'Ataque', 5),
  ('00000000-0000-4000-8000-000000000023', 'Bloqueo', 6),
  ('00000000-0000-4000-8000-000000000023', 'Trabajo en equipo', 7),
  ('00000000-0000-4000-8000-000000000023', 'Actitud', 8);

insert into teams (id, club_id, nombre, categoria_id) values
  ('00000000-0000-4000-8000-000000000011', '00000000-0000-4000-8000-000000000001', 'Mini',          '00000000-0000-4000-8000-000000000021'),
  ('00000000-0000-4000-8000-000000000012', '00000000-0000-4000-8000-000000000001', 'Sub15 Damas',   '00000000-0000-4000-8000-000000000022'),
  ('00000000-0000-4000-8000-000000000013', '00000000-0000-4000-8000-000000000001', 'Sub18 Damas',   '00000000-0000-4000-8000-000000000023'),
  ('00000000-0000-4000-8000-000000000014', '00000000-0000-4000-8000-000000000001', 'Sub18 Varones', '00000000-0000-4000-8000-000000000023');

-- ----------------------------------------------------------------------------
-- Primer usuario admin_club
-- ----------------------------------------------------------------------------
-- 1. Crea el usuario en Authentication → Users → Add user (en el dashboard de
--    Supabase), con tu email y una contraseña. Copia el UUID que le asigna.
-- 2. Reemplaza 'PEGA-AQUI-EL-UUID-DEL-USUARIO' abajo y corre este insert:
--
-- insert into profiles (id, club_id, role, nombre) values
--   ('PEGA-AQUI-EL-UUID-DEL-USUARIO', '00000000-0000-4000-8000-000000000001', 'admin_club', 'Tu Nombre');
